{
  "snapshot": "now",
  "objective": 1993333.3333333335,
  "lmp": {
    "WECC_NW": 50.0,
    "WECC_SW": 50.0,
    "SPP_MISO": 50.0,
    "PJM_NE": 60.0,
    "SERC_SE": 56.66666666666667,
    "ERCOT": 53.333333333333336
  },
  "line_loading_pu": {
    "L_WECC_NW_WECC_SW": 0.6,
    "L_WECC_SW_SPP_MISO": 1.0,
    "L_SPP_MISO_ERCOT": 0.26666666666666666,
    "L_SPP_MISO_PJM_NE": 1.0,
    "L_PJM_NE_SERC_SE": 0.9333333333333332,
    "L_SERC_SE_ERCOT": 0.3333333333333333
  }
}